group,avg_dependency_depth,react_success_rate,react_average_steps_success,react_invalid_action_rate,react_dead_loop_rate,react_plan_knowledge_error_rate,react_sequencing_error_rate,reflexion_success_rate,reflexion_average_steps_success,reflexion_invalid_action_rate,reflexion_dead_loop_rate,reflexion_plan_knowledge_error_rate,reflexion_sequencing_error_rate
Armor,5,0.0,0.0,0.0,0.0,0.0,0.0,0.05641025641025641,79.27272727272727,0.025200819026618367,0.11794871794871795,0.9239130434782609,0.8369565217391305
Diamond,4.857142857142857,0.0,0.0,0.0,0.0,0.0,0.0,0.0,0.0,0.04941777904004544,0.21904761904761905,0.7714285714285715,0.9333333333333333
Golden,4.833333333333333,0.0,0.0,0.0,0.0,0.0,0.0,0.15555555555555556,79.07142857142857,0.013052506674577276,0.17777777777777778,0.8947368421052632,0.881578947368421
Iron,5.375,0.0,0.0,0.0,0.0,0.0,0.0,0.07083333333333333,67.58823529411765,0.018546365914786967,0.10833333333333334,0.8340807174887892,0.8834080717488789
Redstone,5.166666666666667,0.0,0.0,0.0,0.0,0.0,0.0,0.0,0.0,0.025902668759811617,0.14444444444444443,0.7333333333333333,0.8888888888888888
Stone,5.222222222222222,0.0,0.0,0.0,0.0,0.0,0.0,0.6444444444444445,36.275862068965516,0.034003831417624523,0.1037037037037037,0.5625,0.9791666666666666
Wooden,2.8,0.0,0.0,0.0,0.0,0.0,0.0,0.9133333333333333,15.678832116788321,0.02502050861361772,0.06666666666666667,1.0,0.6923076923076923
