group,avg_dependency_depth,react_success_rate,react_average_steps_success,react_invalid_action_rate,react_dead_loop_rate,react_plan_knowledge_error_rate,react_sequencing_error_rate,reflexion_success_rate,reflexion_average_steps_success,reflexion_invalid_action_rate,reflexion_dead_loop_rate,reflexion_plan_knowledge_error_rate,reflexion_sequencing_error_rate
Armor,5,0.0,0.0,0.059353117705901966,0.12179487179487179,1.0,0.6666666666666666,0.0,0.0,0.0,0.0,0.0,0.0
Diamond,4.857142857142857,0.0,0.0,0.1618181818181818,0.23,1.0,0.62,0.0,0.0,0.0,0.0,0.0,0.0
Golden,4.833333333333333,0.0,0.0,0.005543237250554324,0.1348314606741573,1.0,0.5730337078651685,0.0,0.0,0.0,0.0,0.0,0.0
Iron,5.375,0.008771929824561403,65,0.032712915961646924,0.10526315789473684,0.9867256637168141,0.7389380530973452,0.0,0.0,0.0,0.0,0.0,0.0
Redstone,5.166666666666667,0.011764705882352941,94,0.051328068916008614,0.10588235294117647,0.9642857142857143,0.8452380952380952,0.0,0.0,0.0,0.0,0.0,0.0
Stone,5.222222222222222,0.1721311475409836,33.666666666666664,0.05102915951972556,0.10655737704918032,0.33663366336633666,0.9702970297029703,0.0,0.0,0.0,0.0,0.0,0.0
Wooden,2.8,0.7758620689655172,15.61111111111111,0.06451612903225806,0.15517241379310345,0.8461538461538461,0.3076923076923077,0.0,0.0,0.0,0.0,0.0,0.0
