group,avg_dependency_depth,react_success_rate,react_average_steps_success,react_invalid_action_rate,react_dead_loop_rate,react_plan_knowledge_error_rate,react_sequencing_error_rate,reflexion_success_rate,reflexion_average_steps_success,reflexion_invalid_action_rate,reflexion_dead_loop_rate,reflexion_plan_knowledge_error_rate,reflexion_sequencing_error_rate
Armor,5,0.0,0.0,0.09841664079478422,0.28717948717948716,1.0,0.5333333333333333,0.0,0.0,0.0,0.0,0.0,0.0
Diamond,4.857142857142857,0.0,0.0,0.1610587707492149,0.2571428571428571,1.0,0.5904761904761905,0.0,0.0,0.0,0.0,0.0,0.0
Golden,4.833333333333333,0.0,0.0,0.005521811154058531,0.14444444444444443,1.0,0.5666666666666667,0.0,0.0,0.0,0.0,0.0,0.0
Iron,5.375,0.008333333333333333,65,0.03231797919762259,0.14583333333333334,0.9873949579831933,0.7016806722689075,0.0,0.0,0.0,0.0,0.0,0.0
Redstone,5.166666666666667,0.011111111111111112,94,0.054371002132196165,0.14444444444444443,0.9662921348314607,0.797752808988764,0.0,0.0,0.0,0.0,0.0,0.0
Stone,5.222222222222222,0.15555555555555556,33.666666666666664,0.05798915310805173,0.1925925925925926,0.3333333333333333,0.9385964912280702,0.0,0.0,0.0,0.0,0.0,0.0
Wooden,2.8,0.8,13.141666666666667,0.06087877183695077,0.14666666666666667,0.8,0.26666666666666666,0.0,0.0,0.0,0.0,0.0,0.0
